Year,Rating
0,1500.0
2011,1052.261956756759
2012,793.0308451113042
