Year,Rating
0,1500.0
2012,1474.4139259127476
2014,1462.8383391119892
2018,1629.098033455361
2019,1609.507675760743
2020,1419.6304100444781
2021,1302.4968653284334
2022,1316.9568089818658
