Year,Rating
0,1500.0
2018,973.2109128812062
2019,719.6428520026781
2020,535.7209082194603
2021,323.170477217076
2022,752.9483365287724
