Year,Rating
0,1500.0
2018,976.7225861281967
2019,657.6985385197388
2020,488.7912441337091
2021,403.98025966676965
2022,433.08795875636804
