Year,Rating
0,1500.0
2018,1170.6901605367086
2019,734.903694759
2020,870.7275927777549
2021,665.6000347955272
2022,560.1352214123456
