Year,Rating
0,1500.0
2014,1005.9808338840757
2018,1356.0243256848485
2019,1755.4948926403436
2020,1715.7434317413267
2021,1197.6051508287242
2022,728.4761566372441
