Year,Rating
0,1500.0
2011,1000.4387833746337
2012,747.502743671091
2013,533.1223129241745
2014,368.50918174991074
