Year,Rating
0,1500.0
2012,949.3367332314847
2013,663.3244409429408
2014,456.8979973870165
