Year,Rating
0,1500.0
2011,1037.989430264332
2012,988.163687718109
2014,1255.7930869278985
2018,1585.7246622702294
2019,1507.0876624683606
2021,1640.8492504800283
2022,1383.5016549632246
