Year,Rating
0,1500.0
2018,995.7753258230911
2019,792.710718665668
2020,871.347213121828
2021,990.4610032364624
2022,1307.6073091861585
