Year,Rating
0,1500.0
2018,929.7186478323914
2019,582.4549478670825
2020,439.7422928329009
2021,563.5456309619346
2022,696.0937032896028
