Year,Rating
0,1500.0
2019,1120.836515869795
2020,1155.5400216647934
2021,931.4482328097224
2022,783.377487243823
