Year,Rating
0,1500.0
2012,984.4805429837697
2013,917.1651367959549
