Year,Rating
0,1500.0
2013,1014.3273737684831
2014,1026.01164334836
2018,972.4382386029973
2019,988.5341518524459
2020,689.842728867759
2021,882.7314261426301
2022,1125.9914121340464
