Year,Rating
0,1500.0
2018,1168.891953040955
2019,904.4684360547286
2020,649.4138511388118
2021,661.5572040300169
2022,691.8253747085456
