Year,Rating
0,1500.0
2011,876.1949418625766
2012,611.2170163658382
