Year,Rating
0,1500.0
2015,828.3626844629356
2016,721.7605966171117
2018,337.84053375832946
2019,166.77173545926493
2020,-56.951365997705196
2021,-246.25343391316454
2022,-152.9846657877804
