Year,Rating
0,1500.0
2017,750.4333814689417
2018,330.546418292016
2019,185.85531758368955
2020,120.97991573693785
2021,17.961549053086987
2022,55.26856425885505
