Year,Rating
0,1500.0
2017,1697.38670368375
2018,841.7447328409128
2019,517.6013230084255
2020,391.97069013361266
2021,117.57238090890206
2022,316.6037514539745
