Year,Rating
0,1500.0
2011,835.9852591412938
2012,524.9570884235518
2013,307.7071519405119
2014,96.46846681751947
