Year,Rating
0,1500.0
2012,744.3879418290252
2013,398.80641187702776
2014,191.69556570640452
