Year,Rating
0,1500.0
2017,731.1737222147619
2018,389.50436847321674
2019,291.1502415449497
2020,451.59529469655894
2021,379.0148694897751
2022,582.4212372588008
