Year,Rating
0,1500.0
2017,711.884369960835
2018,420.1429030592649
2019,73.76180277556108
2020,23.395082228097166
2021,197.47228423559758
2022,343.59488056577806
