Year,Rating
0,1500.0
2019,997.4317728507452
2020,799.1098449693682
2021,855.467809532439
2022,759.8122577460123
