Year,Rating
0,1500.0
2012,829.0152548635033
2013,766.1210918758387
