Year,Rating
0,1200.0
2011,953.3485922363759
2012,793.5822011382334
