Year,Rating
0,1200.0
2011,1313.0498961704056
2012,1153.974391453394
2013,1194.4397335659562
2016,1148.5223165853727
2020,1393.5212587570759
2021,1600.5163574938522
2022,1420.1336869098418
