Year,Rating
0,1200.0
2012,994.6813976694507
2013,684.9968519163255
2016,312.90652330680734
2019,-87.09347669319266
2020,-451.37919097890693
2021,-788.879190978907
2022,-1105.5458576455735
