Year,Rating
0,1200.0
2012,973.6319481156086
2013,604.4700163414834
2016,281.65665430928203
2019,-98.50564679947655
2020,-462.79136108519083
2021,-800.2913610851908
2022,-1116.9580277518576
