Year,Rating
0,1200.0
2012,973.6319481156086
2016,768.1833838386249
2019,510.72941351546183
2020,248.62822812607288
2021,188.07043345049618
2022,70.72523249801378
