Year,Rating
0,1200.0
2016,771.6860669996888
2019,246.68606699968882
2020,-203.31393300031118
2021,-603.3139330003112
2022,-967.5996472860254
