Year,Rating
0,1200.0
2019,550.0
2020,25.0
2021,-337.4305127488795
2022,-737.4305127488794
