Year,Rating
0,1200.0
2016,716.6725868745053
2019,1241.6725868745052
2020,960.2862724825088
2021,560.2862724825088
2022,196.00055819679454
