Year,Rating
0,1200.0
2011,924.612985869531
2012,669.3412801619504
2013,255.79628560402355
