Year,Rating
0,1200.0
2012,973.6319481156086
2013,540.5988943740587
