Year,Rating
0,1200.0
2012,1087.8087472448105
2013,1188.8477880665573
2016,1068.3354911382996
2019,975.8387580491885
2020,799.7708814513412
2021,813.3234057037039
2022,862.3047552726457
