Year,Rating
0,1200.0
2011,1020.0856335523608
2012,841.7457417271257
2016,784.3153166676019
2019,552.5019368069885
2021,395.8707310602249
2022,58.3707310602249
