Year,Rating
0,1200.0
2019,883.0512424957819
2020,695.611116458159
2021,245.61111645815902
2022,114.23420938493085
