Year,Rating
0,1200.0
2016,1058.5124266674197
2019,1060.5065284354214
2020,992.8212221208202
2021,1392.82122212082
2022,1599.3891534468437
