Year,Rating
0,1200.0
2019,782.1650791317753
2020,461.58862356455506
2021,11.588623564555064
2022,-388.41137643544494
