Year,Rating
0,1200.0
2011,1072.3252032380553
2013,809.7994536085313
2016,359.7994536085313
2019,-40.20054639146872
2020,-404.486260677183
2021,-741.986260677183
2022,-1058.6529273438496
