Year,Rating
0,1200.0
2011,1200.0
2012,1013.144683403547
2016,938.7368024235792
2019,904.3562821988459
2020,657.4821989587738
2021,377.8338222793648
2022,172.48233425171307
