Year,Rating
0,1200.0
2012,1030.3514615281986
2013,890.016136978669
