Year,Rating
0,1200.0
2013,873.5230461948245
2016,451.67092557959126
2019,124.1896266849418
2020,-275.8103733150582
2021,-640.0960876007725
2022,-977.5960876007725
