Year,Rating
0,1200.0
2011,1345.916442804397
2012,1323.7114705499428
2013,1351.4390249018154
2019,1346.4008306912312
2020,1364.9550642541237
2021,1702.4550642541237
2022,2019.1217309207905
