Year,Rating
0,1200.0
2011,1715.9179519611373
2012,1725.7685778791545
2013,1842.4786374709129
2019,2011.27355587598
2020,2375.5592701616943
2021,2713.0592701616943
2022,3029.725936828361
