Year,Rating
0,1200.0
2016,794.4254720909114
2019,352.2759610176514
2020,-97.72403898234859
2021,-497.7240389823486
2022,-862.0097532680629
