Year,Rating
0,1500.0
2011,1379.4984884435767
2012,1330.2685556038687
