Year,Rating
0,1500.0
2011,1562.199852503018
2012,1407.5304102695695
2013,1476.3082694121574
2016,1463.7247523567348
2020,1577.0040106385838
2021,1626.0990203117271
2022,1514.3652605343423
