Year,Rating
0,1500.0
2012,1382.2829369719107
2013,1271.4194150806677
2016,1196.146150353021
2019,1101.3655022467372
2020,1064.150007391937
2021,995.4813293956182
2022,982.3317404784103
