Year,Rating
0,1500.0
2012,1359.0679496906266
2013,1239.895174726345
2016,1194.3662756715148
2019,1167.8219831579318
2020,1082.944628850828
2021,1160.6516440854473
2022,1066.1496373957314
