Year,Rating
0,1500.0
2012,1357.3953268572623
2016,1322.6960383833882
2019,1302.5183758630965
2020,1313.3164554618272
2021,1414.039336910077
2022,1468.6741654586588
