Year,Rating
0,1500.0
2016,1364.9895071181888
2019,1220.7793736254748
2020,1123.1277599826078
2021,1046.6507223782564
2022,1129.7315391040565
