Year,Rating
0,1500.0
2019,1330.6865454691858
2020,1201.9185865325744
2021,1112.20978874849
2022,1045.9968147503273
