Year,Rating
0,1500.0
2019,1340.9437845036587
2020,1235.1841386325166
2021,1269.2588698168834
2022,1226.0621697404295
