Year,Rating
0,1500.0
2016,1356.807518525395
2019,1523.7808050564574
2020,1422.0210535049955
2021,1293.47857228361
2022,1160.1465301330088
