Year,Rating
0,1500.0
2011,1373.2989906861974
2012,1254.6017800654406
2013,1148.4661446412822
