Year,Rating
0,1500.0
2012,1359.3827750261999
2013,1229.6863070932234
