Year,Rating
0,1500.0
2012,1432.9562013283626
2013,1525.0329332160604
2016,1460.9899703908638
2019,1441.8037050491673
2020,1407.67374228094
2021,1471.6292392127789
2022,1523.8295918620413
