Year,Rating
0,1500.0
2011,1405.623240010523
2012,1327.4544784964583
2016,1397.0638328677587
2019,1367.4853719319558
2021,1396.7985327198423
2022,1351.2832429656614
