Year,Rating
0,1500.0
2019,1402.5503331545412
2020,1399.652153592154
2021,1311.8764135631461
2022,1378.7883767495018
