Year,Rating
0,1500.0
2019,1336.915563393383
2020,1264.7943426091222
2021,1163.5021348025402
2022,1186.9895924054927
