Year,Rating
0,1500.0
2016,1450.6016725025538
2019,1481.4043654159098
2020,1480.381473757004
2021,1636.8825363277908
2022,1665.2029610024667
