Year,Rating
0,1500.0
2019,1378.0388522571043
2020,1347.2637144457894
2021,1231.2338050089504
2022,1145.3808062841422
