Year,Rating
0,1500.0
2011,1427.736003381183
2013,1315.3084838571183
2016,1191.63448369231
2019,1120.4611117074098
2020,1055.4748600879172
2021,1044.2516606560418
2022,988.6258317524995
