Year,Rating
0,1500.0
2011,1500.2223625492372
2012,1357.2571613377218
2016,1381.6791798460813
2019,1425.2876226276928
2020,1373.8006199770082
2021,1335.358888172156
2022,1357.6512517461758
