Year,Rating
0,1500.0
2012,1394.8476395035
2013,1353.6584074391412
