Year,Rating
0,1500.0
2013,1364.6195043360024
2016,1261.363222011421
2019,1247.9136269467172
2020,1215.4250060786026
2021,1121.7383877252
2022,1156.2242899014054
