Year,Rating
0,1500.0
2011,1580.4533625518961
2012,1526.8779117954518
2013,1530.8116198385019
2019,1498.5536756967213
2020,1490.392190196109
2021,1623.8274819620256
2022,1690.2723057983803
