Year,Rating
0,1500.0
2011,1632.676081113984
2012,1525.0713918257804
2013,1523.3216354761018
2019,1514.5511064263394
2020,1676.9020013638278
2021,1755.4884613387417
2022,1873.7789515024442
