Year,Rating
0,1500.0
2016,1369.035166346186
2019,1283.4383270103444
2020,1166.9349941801406
2021,1082.292487501862
2022,1043.7426034112684
