Year,Rating
0,25.0
2011,12.69711461847636
2012,11.705018722204464
