Year,Rating
0,25.0
2011,31.463831449777196
2012,19.54471176380389
2013,22.866043992176845
2016,22.227111407889897
2020,26.606112715113497
2021,26.678523423567974
2022,24.258965959759827
