Year,Rating
0,25.0
2012,10.091503235116699
2013,9.715971064246823
2016,7.6946189184757845
2019,6.593940941066547
2020,5.691557578214986
2021,6.382609107908407
2022,6.73390936775915
