Year,Rating
0,25.0
2012,10.839493454802962
2013,8.145199068337284
2016,8.28781250277754
2019,10.907217785071548
2020,7.5588028171819985
2021,9.85837421195344
2022,9.277018421891622
