Year,Rating
0,25.0
2012,10.147266882014389
2016,11.081743443499427
2019,14.561068256815233
2020,15.412436308099137
2021,17.86326893984493
2022,19.479773128853758
