Year,Rating
0,25.0
2016,4.017250098036349
2019,0.5148004029603092
2020,-1.8971479430626221
2021,0.7529252638601859
2022,5.282235024916058
