Year,Rating
0,25.0
2019,1.963641354901777
2020,-3.7837592390877153
2021,0.5588561902764412
2022,2.359651015432191
