Year,Rating
0,25.0
2019,5.28475260723986
2020,0.9795246185563626
2021,6.344089306583986
2022,7.411548063229313
