Year,Rating
0,25.0
2016,2.427586863390984
2019,16.546073379288597
2020,12.469067819541872
2021,11.766253156970158
2022,9.927066748375468
