Year,Rating
0,25.0
2011,11.622116570796594
2012,9.49490297930536
2013,7.422363640202718
