Year,Rating
0,25.0
2012,10.8692336985633
2013,6.275827437215458
