Year,Rating
0,25.0
2012,14.168588544217068
2013,22.177584267319677
2016,19.219115359642654
2019,20.824848494090013
2020,19.504703451832967
2021,20.409892297326863
2022,21.374632754081205
