Year,Rating
0,25.0
2011,16.827760334356
2012,12.133279710281633
2016,17.903937508972753
2019,19.185797901409316
2021,19.467968378808994
2022,18.444778622810247
