Year,Rating
0,25.0
2011,10.653717145461723
2012,8.915762562274953
2013,9.332379340422976
2016,10.265024074085689
2019,10.999488017877566
2020,9.193847774950536
2021,11.422297737772261
2022,11.581296809546616
