Year,Rating
0,25.0
2019,17.702235052826538
2020,18.227487658236132
2021,16.817653781751623
2022,19.275049430473686
