Year,Rating
0,25.0
2019,3.828713988701177
2020,3.38164540991078
2021,5.540038448986955
2022,7.799883291168955
