Year,Rating
0,25.0
2016,16.055642319003333
2019,21.42393087723952
2020,21.608839810892164
2021,26.975804800564934
2022,27.174999310646758
