Year,Rating
0,25.0
2019,12.902565439963443
2020,12.73876180221527
2021,12.036377056040294
2022,10.81398747491938
