Year,Rating
0,25.0
2011,19.54383711195664
2013,15.356267264098628
2016,8.190181095649569
2019,8.355867167671569
2020,6.063426335240756
2021,7.718660419410071
2022,7.785236600678204
