Year,Rating
0,25.0
2011,27.333759417837296
2012,17.54089658978888
2016,19.461787305501787
2019,21.527474966974076
2020,19.26420017723035
2021,18.599514082988073
2022,18.834329091590565
