Year,Rating
0,25.0
2012,10.893078905814818
2013,16.216818824568783
