Year,Rating
0,25.0
2013,11.399410008530824
2016,6.43611167526188
2019,11.12567080738385
2020,10.302310862473487
2021,10.425187051536177
2022,11.254171400143372
