Year,Rating
0,25.0
2011,32.06319928902271
2012,25.249998840215827
2013,26.7990379098843
2019,26.27435736892649
2020,25.265417083669092
2021,27.541773188187204
2022,28.46742320172162
