Year,Rating
0,25.0
2011,34.03879225531491
2012,21.72630058209739
2013,24.18798845208157
2019,24.53652451157898
2020,31.136373066675162
2021,32.01518863935735
2022,34.586781867928146
