Year,Rating
0,25.0
2016,4.782597479869569
2019,8.428261847840428
2020,3.0560930710574477
2021,4.6551443821197465
2022,5.24948840414721
