Year,Rating
0,1500.0
2011,1235.8522663808787
2012,1141.450051891664
