Year,Rating
0,1500.0
2016,1253.8851748809489
2018,1037.7716845396951
2019,832.7787357678196
2021,738.6036670191827
2022,709.1614906842616
