Year,Rating
0,1500.0
2017,1308.8719906150598
2018,1042.3882769680338
2019,897.4944907531865
2021,786.72455752625
2022,680.2807618412496
