Year,Rating
0,1500.0
2017,1301.6401378292026
2018,1049.784418128293
2019,987.5678467095175
2021,1113.5593427339168
2022,1217.4106483455794
