Year,Rating
0,1500.0
2014,1214.5291332371582
2016,999.1511117549817
2017,953.4193069923622
2018,1042.1947070533436
2019,1234.9054754263195
2021,1030.9145891234784
2022,928.9609227323629
