Year,Rating
0,1500.0
2011,1224.3430691235337
2012,1134.663897345127
2013,953.0031922219166
2014,801.4005795589612
