Year,Rating
0,1500.0
2012,1322.7711554165946
2013,1073.667263686596
2014,890.014268234132
