Year,Rating
0,1500.0
2017,1204.6737194652812
2018,994.8347674727107
2019,905.1098993427728
2021,866.7364991118898
2022,869.9184551190571
