Year,Rating
0,1500.0
2017,1179.1857655454533
2018,1010.2131053232685
2019,830.4178455292151
2021,733.4932908477563
2022,705.1433149015709
