Year,Rating
0,1500.0
2016,1382.8896269436298
2017,1441.3987487445463
2018,1358.2499692087786
2019,1412.3629067223537
2021,1739.6967580604964
2022,1893.5557830235016
