Year,Rating
0,1500.0
2019,1288.8606061273297
2021,1066.3625195084792
2022,1214.3714938788194
