Year,Rating
0,1500.0
2012,1320.7856194162134
2013,1265.1752443854866
