Year,Rating
0,1500.0
2016,1229.4693841065057
2017,1241.3266443699758
2018,1103.6476712952017
2019,993.1759380081056
2021,856.1550451275457
2022,799.1642844733267
