Year,Rating
0,1200.0
2011,889.5181208922936
2012,773.4069100429427
