Year,Rating
0,1200.0
2016,758.9204792070925
2018,233.9204792070925
2019,-216.0795207929075
2021,-616.0795207929075
2022,-980.3652350786217
