Year,Rating
0,1200.0
2017,939.4993991971068
2018,414.49939919710675
2019,-35.500600802893246
2021,-435.50060080289325
2022,-799.7863150886076
