Year,Rating
0,1200.0
2014,786.1327073799673
2016,261.1327073799673
2017,-155.83644472252004
2018,-555.83644472252
2019,-862.4708111877726
2021,-1199.9708111877726
2022,-1516.637477854439
