Year,Rating
0,1200.0
2011,868.1392984113876
2012,746.8076856228954
2013,366.54378361084645
2014,-33.45621638915355
