Year,Rating
0,1200.0
2012,1150.9229347474225
2013,801.0646796282088
2014,366.7161285962731
