Year,Rating
0,1200.0
2016,990.7471119592271
2017,916.4928260294178
2018,657.6965701568082
2019,526.4304167047802
2021,890.7161309904945
2022,1228.2161309904945
