Year,Rating
0,1200.0
2019,631.2817778555017
2021,106.28177785550167
2022,-128.43190887645534
