Year,Rating
0,1200.0
2012,1150.9229347474225
2013,1052.1777009731716
