Year,Rating
0,1200.0
2016,684.769591336224
2017,420.3984062343207
2018,-29.601593765679297
2019,-429.6015937656793
2021,-793.8873080513936
2022,-1131.3873080513936
