Year,Rating
0,1200.0
2011,842.6199716760167
2012,574.3354920466495
