Year,Rating
0,1200.0
2015,1064.952893713332
2016,758.6884952960769
2018,308.6884952960769
2019,-91.3115047039231
2020,-455.5972189896374
2021,-793.0972189896374
2022,-1109.763885656304
