Year,Rating
0,1200.0
2017,1850.0
2018,1492.3556322065692
2019,1237.5019964780881
2020,837.5019964780881
2021,473.21628219237385
2022,135.71628219237385
