Year,Rating
0,1200.0
2011,810.3388919914493
2012,486.17132586787926
2013,98.77146643071335
2014,-300.742901336055
