Year,Rating
0,1200.0
2012,920.7967671365436
2013,570.3125500618204
2014,213.48070019592453
