Year,Rating
0,1200.0
2017,550.0
2018,25.0
2019,-425.0
2020,-825.0
2021,-1189.2857142857142
2022,-1526.7857142857142
