Year,Rating
0,1200.0
2019,884.8087544779628
2020,359.8087544779628
2021,269.04197910124077
2022,-130.95802089875923
