Year,Rating
0,1200.0
2012,990.5082179138116
2013,757.0820798336002
