Year,Rating
0,1200.0
2011,889.5181208922936
2012,720.3255030075248
