Year,Rating
0,1200.0
2011,1152.741355944094
2012,1100.566531983139
2013,947.9188739610146
2014,748.0566225445153
2015,463.6252305118707
2016,126.12523051187071
2017,-190.54143615479592
2018,-490.5414361547959
2019,-776.9050725184322
2020,-1051.9050725184322
2021,-1317.2896879030477
2022,-1574.4325450459048
