Year,Rating
0,1200.0
2011,1200.0
2012,1220.839644166721
2013,1213.325164634726
2014,1074.7080896183204
2015,860.8657476269799
2016,690.2443813422708
2017,553.2217708410004
2018,268.8116408558459
2019,58.22351374934455
2020,-216.77648625065547
2021,-482.1611016352708
2022,-739.3039587781279
