Year,Rating
0,1200.0
2015,685.779506773186
2016,431.80747808735543
2018,-18.192521912644565
2019,-418.19252191264457
2020,-782.4782361983589
2021,-1119.978236198359
2022,-1436.6449028650254
