Year,Rating
0,1200.0
2011,1254.369606999189
2012,1385.0583512372539
2013,1540.8091836896258
2014,1874.4109975605224
2015,2172.8672609058794
2016,2188.387296565371
2017,2505.0539632320374
2018,2805.0539632320374
2019,3091.417599595674
2020,3366.417599595674
2021,3631.802214980289
2022,3888.945072123146
