Year,Rating
0,1200.0
2017,1304.2929937179729
2018,779.2929937179729
2019,329.2929937179729
2020,-70.70700628202712
2021,-434.9927205677414
2022,-772.4927205677413
