Year,Rating
0,1200.0
2011,868.1392984113876
2012,605.3051757326323
2013,220.42556892300217
2014,-179.57443107699783
