Year,Rating
0,1200.0
2012,978.4667508186642
2013,603.2150712822652
2014,153.21507128226517
