Year,Rating
0,1200.0
2019,621.622669427739
2020,96.62266942773897
2021,-340.23227421472257
2022,-740.2322742147226
