Year,Rating
0,1200.0
2012,1035.9840030971286
2013,789.1233440117422
