Year,Rating
0,25.0
2011,8.275772047126784
2012,8.846284788303493
