Year,Rating
0,25.0
2015,0.5156472403487522
2016,9.686864182613952
2018,4.656884196663228
2019,0.4344621564399927
2020,-2.001488072642424
2021,-3.375120063697961
2022,-4.624331250321725
