Year,Rating
0,25.0
2017,-5.02460159006075
2018,-4.4582475016578895
2019,-4.7295449149991295
2020,-5.937597632226673
2021,-5.599714075961943
2022,-5.40761789269892
