Year,Rating
0,25.0
2017,27.525721149661738
2018,13.356279490974211
2019,8.07139834811871
2020,7.447511761425853
2021,5.76713337890866
2022,6.4382230266907605
