Year,Rating
0,25.0
2011,7.254536984111371
2012,5.537904542501394
2013,2.7372453803818555
2014,-0.6562577308933204
