Year,Rating
0,25.0
2012,8.113495526128387
2013,2.280091938437452
2014,-1.473342140679939
