Year,Rating
0,25.0
2011,18.991787811878247
2012,19.783891640958178
2013,19.033566882312066
2014,16.63446284294542
2015,15.35543769123641
2016,11.912374433614533
2017,9.403068456593095
2018,8.223276405147361
2019,6.377669256259613
2020,5.075316667324663
2021,4.00308373666452
2022,2.537148900830752
