Year,Rating
0,25.0
2017,-2.438482775085414
2018,-2.628214334198654
2019,-2.6192211873225415
2020,-0.8601681009438553
2021,-2.43078614954717
2022,-2.3369086303796363
