Year,Rating
0,25.0
2017,-1.374024841420844
2018,-3.1035930821331528
2019,-6.683256977103852
2020,-6.498022663574467
2021,-4.709526430539566
2022,-3.6613494216810807
