Year,Rating
0,25.0
2019,7.020823193648294
2020,4.039773221982941
2021,7.947733349595645
2022,7.816969582372581
