Year,Rating
0,25.0
2012,9.739647813609798
2013,6.400572927795472
