Year,Rating
0,1200.0
2011,868.1392984113876
2012,584.8653089567471
