Year,Rating
0,1200.0
2015,654.9349125915307
2016,135.06400225046863
2018,-314.93599774953134
2019,-714.9359977495313
2020,-1079.2217120352457
2021,-1416.7217120352457
2022,-1733.3883787019122
