Year,Rating
0,1200.0
2017,1337.5690904439966
2018,812.5690904439966
2019,362.56909044399663
2020,-37.43090955600337
2021,-401.71662384171765
2022,-739.2166238417176
