Year,Rating
0,1200.0
2011,810.3388919914493
2012,468.949174032722
2013,31.063003206513812
2014,-368.9369967934862
