Year,Rating
0,1200.0
2012,764.2170146238841
2013,278.0211776188323
2014,-171.97882238116767
