Year,Rating
0,1200.0
2019,585.3955711426722
2020,60.395571142672225
2021,-389.6044288573278
2022,-789.6044288573278
