Year,Rating
0,1200.0
2012,920.7346492085925
2013,689.7491891083249
