Year,Rating
0,25.0
2011,0.6846933626066962
2012,-2.4731405552937176
