Year,Rating
0,25.0
2015,-0.5808723726364627
2016,0.9383101947159801
2018,-2.82864774168393
2019,-4.519693063459092
2020,-6.5765608809304315
2021,-8.08969108475618
2022,-7.817011843121639
