Year,Rating
0,25.0
2017,-3.5530264606586472
2018,-7.742651215631464
2019,-8.06730049677038
2020,-7.812629745619188
2021,-7.6948517670294025
2022,-7.298433465029028
