Year,Rating
0,25.0
2017,29.16164160621503
2018,12.877276087097039
2019,6.715617213355285
2020,4.1058979792641415
2021,1.2570580397943445
2022,1.462320192614461
