Year,Rating
0,25.0
2011,-1.6341407501428313
2012,-5.597884455364202
2013,-7.7673785387541665
2014,-9.700117490297982
