Year,Rating
0,25.0
2012,-7.872586384254424
2013,-11.353363846432133
2014,-11.924578551067798
