Year,Rating
0,25.0
2011,3.5203292884128823
2012,0.11833292087531638
2013,0.780370158101305
2014,-0.19269227063956865
2015,2.7837091030689676
2016,2.9334283450461798
2017,1.14253746090134
2018,0.668422676571335
2019,0.5570745445896103
2020,-0.6330913093054614
2021,-0.21309766939625346
2022,2.2325519220550465
