Year,Rating
0,25.0
2017,-4.612456930253743
2018,-6.335347800225591
2019,-6.157503149602257
2020,-3.6767851596221544
2021,-3.0710131645067613
2022,-1.4395821581920383
