Year,Rating
0,25.0
2017,-5.82239570588316
2018,-5.93019228244125
2019,-10.176862669266868
2020,-9.621475253766839
2021,-7.02006064765506
2022,-5.527574496678605
