Year,Rating
0,25.0
2019,5.445734500908882
2020,4.000157039904838
2021,6.122964523377228
2022,5.460381220362677
