Year,Rating
0,25.0
2012,-1.8127003687883603
2013,0.4593074435284094
