Year,Rating
0,1500.0
2011,1066.8108993109836
2012,1043.8823738828935
