Year,Rating
0,1500.0
2015,1033.7419101471205
2016,1149.6824154699868
2018,748.0152398464049
2019,482.2383923759787
2020,280.49231148015843
2021,134.39027176308204
2022,46.482343365704246
