Year,Rating
0,1500.0
2017,936.977044278983
2018,682.7293748617104
2019,548.0452290337522
2020,365.36111764662706
2021,276.5057086835201
2022,278.79476175979903
