Year,Rating
0,1500.0
2017,1621.1470988209671
2018,1066.9619962900333
2019,818.8983251574316
2020,815.1784203226144
2021,624.847037610936
2022,769.2605845312468
