Year,Rating
0,1500.0
2011,1047.7227452533975
2012,791.4824480740575
2013,611.0683411070466
2014,422.09258868517054
