Year,Rating
0,1500.0
2012,1039.5482397918875
2013,739.2330554612895
2014,533.238597294883
