Year,Rating
0,1500.0
2017,975.6740618188514
2018,755.2174184660821
2019,640.4184572449919
2020,683.9761035286117
2021,433.20979411299476
2022,435.30108397010645
