Year,Rating
0,1500.0
2017,989.2659912090326
2018,675.2013823821288
2019,418.9116531285967
2020,353.0857404888315
2021,373.1225340123991
2022,453.38187229205124
