Year,Rating
0,1500.0
2019,1168.9943310153294
2020,943.327515739928
2021,1020.3128055825727
2022,975.8325610132115
