Year,Rating
0,1500.0
2012,1152.0095886666536
2013,915.3604661661598
