Year,Rating
0,1500.0
2011,1151.0726281075813
2012,958.4765733957267
