Year,Rating
0,1500.0
2015,1254.982997972572
2016,1134.6810378916446
2018,882.0464642781997
2019,879.6219788949513
2020,650.9157058234588
2021,537.1194148428233
2022,383.1421020132512
