Year,Rating
0,1500.0
2017,1095.5952141177268
2018,915.5165229702353
2019,828.3209879267557
2020,791.6311255304602
2021,612.140815984705
2022,660.0254075416963
