Year,Rating
0,1500.0
2017,1838.2212493826028
2018,1382.1963360699522
2019,1224.0945490327272
2020,1053.5147618779906
2021,750.2532934218269
2022,587.330100705174
