Year,Rating
0,1500.0
2011,1134.8372234602493
2012,896.5742379092352
2013,731.9375689372195
2014,644.0882249317302
