Year,Rating
0,1500.0
2012,1127.7138947772942
2013,893.8318908304053
2014,761.9030273290077
