Year,Rating
0,1500.0
2017,1123.927434816184
2018,873.2060999746031
2019,711.0803875112782
2020,717.6022148833703
2021,631.99680047765
2022,851.7980097309056
