Year,Rating
0,1500.0
2017,1097.6194684234058
2018,883.1944523345951
2019,667.8907974956355
2020,576.0261363915758
2021,816.9040687266527
2022,786.4360067187126
