Year,Rating
0,1500.0
2019,1351.4967231563592
2020,1071.796956513955
2021,1259.1724250982957
2022,1045.4601108235063
