Year,Rating
0,1500.0
2012,1198.1765481703405
2013,1047.3599659714296
