Year,Rating
0,25.0
2011,8.275772047126784
2012,11.253598512767246
