Year,Rating
0,25.0
2016,14.816994497622762
2018,7.449978869383063
2019,3.9467592841793553
2021,5.883520925171574
2022,6.195155567974864
