Year,Rating
0,25.0
2017,19.44708084519266
2018,8.577207281381076
2019,6.695638755613132
2021,8.099990937984682
2022,8.08071638050731
