Year,Rating
0,25.0
2017,18.644509810874304
2018,8.64788765969523
2019,9.085265001620328
2021,11.203892768112667
2022,12.489669449074666
