Year,Rating
0,25.0
2014,12.02094453793494
2016,10.25079566410433
2017,12.781559331308372
2018,14.31327972423526
2019,17.128685674644952
2021,16.367959196651388
2022,15.25010283286774
