Year,Rating
0,25.0
2011,7.254536984111371
2012,10.707329377341162
2013,8.439396445361707
2014,7.962764437736449
