Year,Rating
0,25.0
2012,16.63816529657465
2013,9.706308968564553
2014,8.640647967392706
