Year,Rating
0,25.0
2017,15.827649375697723
2018,7.101183602425437
2019,6.65297114428003
2021,8.70645899742641
2022,8.103293045608844
