Year,Rating
0,25.0
2017,12.01482785520615
2018,6.81136646096152
2019,3.742609214511083
2021,6.020136851307548
2022,6.128657873249898
