Year,Rating
0,25.0
2016,19.912982682165534
2017,19.601081412213514
2018,18.603037016823386
2019,20.872038758747912
2021,25.21828853679312
2022,27.937391192092228
