Year,Rating
0,25.0
2019,11.661801999062982
2021,12.274940635878242
2022,15.026934795598576
