Year,Rating
0,25.0
2012,16.621456215951785
2013,19.22359027263533
