Year,Rating
0,25.0
2016,12.957426154193335
2017,15.45769447272626
2018,12.590490128166794
2019,11.127960856886528
2021,11.433026383085487
2022,10.693007566661564
