Year,Rating
0,25.0
2011,17.67299503706416
2012,11.25652663595767
