Year,Rating
0,25.0
2012,14.432701928127122
2013,8.834559715417205
2014,10.815820679491367
2018,10.09328997815973
2019,6.811575820642021
2020,7.036329390647239
2021,7.029500150155777
2022,6.1297115661165025
