Year,Rating
0,25.0
2012,21.1072292436815
2014,22.436459226300087
2018,24.167649924800372
2019,24.594633875060325
2020,23.470152495612123
2021,23.35645768218039
2022,22.629648532087863
