Year,Rating
0,25.0
2018,5.867962105339933
2019,1.1158396678714775
2020,3.232567751313503
2021,1.9510068768077893
2022,5.483791622846604
