Year,Rating
0,25.0
2018,6.121147615248899
2019,0.0011506873310184217
2020,2.632161752366124
2021,3.984312085559949
2022,3.8610657410071085
