Year,Rating
0,25.0
2018,12.99790820133682
2019,2.6254935280431737
2020,7.256565603658932
2021,7.736283158029451
2022,6.36290664358553
