Year,Rating
0,25.0
2014,16.26922724087279
2018,21.19807284536842
2019,27.288210662326886
2020,25.58350642307687
2021,23.088516767827574
2022,17.99249864312481
