Year,Rating
0,25.0
2011,12.681813537661593
2012,7.794137233806439
2013,2.9560506102459603
2014,2.4901857573358495
