Year,Rating
0,25.0
2012,1.8738503357514384
2013,-2.292569317181211
2014,-1.036550330444067
