Year,Rating
0,25.0
2011,16.191495950040668
2012,13.868833595673904
2014,18.01326881281695
2018,20.89510221969109
2019,20.93878515247406
2021,21.54448092421731
2022,20.34678577300871
