Year,Rating
0,25.0
2018,6.812339343982292
2019,3.2788537331365073
2020,7.378917026894338
2021,11.379810382763138
2022,14.04184343421969
