Year,Rating
0,25.0
2011,12.740877642147561
2012,7.092299305892508
2013,2.515648891207203
2014,2.1585114499908262
2018,1.7463336140167853
2019,-0.24733989226615766
2020,1.0618878604120394
2021,0.15384844752265217
2022,-0.33252062574793473
