Year,Rating
0,25.0
2018,5.205249267367672
2019,-2.9416398086521087
2020,0.7969155505285395
2021,4.571337350378709
2022,6.020451304903245
