Year,Rating
0,25.0
2018,26.76350634437989
2019,29.341560240601197
2020,26.64349363407988
2021,26.513435545559567
2022,25.54788615994308
