Year,Rating
0,25.0
2019,6.950908724201364
2020,12.473165308732124
2021,12.617370106934347
2022,10.578359886127217
