Year,Rating
0,25.0
2012,6.3723144663574
2013,6.564338275445901
