Year,Rating
0,25.0
2013,2.454911288055359
2014,8.765486309571283
2018,9.8002054281793
2019,10.006163710104639
2020,9.714226221552112
2021,11.954545163693377
2022,13.001968829332359
