Year,Rating
0,25.0
2018,12.518462214607727
2019,6.844556540984973
2020,7.185823918510282
2021,8.829674579970588
2022,8.726979618442053
