Year,Rating
0,1200.0
2011,889.5181208922936
2012,587.5815644252399
