Year,Rating
0,1200.0
2012,1170.353451687796
2014,1123.8885380245933
2018,1145.88171845333
2019,1134.6224582736672
2020,1009.4655234166727
2021,837.5593688244284
2022,675.6238255357472
