Year,Rating
0,1200.0
2018,624.7080590479808
2019,99.70805904798078
2020,-350.2919409520192
2021,-750.2919409520192
2022,-1114.5776552377336
