Year,Rating
0,1200.0
2018,886.3656804809405
2019,361.36568048094045
2020,-50.213931911250974
2021,-450.213931911251
2022,-814.4996461969653
