Year,Rating
0,1200.0
2014,779.8990365520076
2018,671.2105193540384
2019,746.658905972629
2020,657.0818866584186
2021,292.79617237270435
2022,-44.70382762729565
