Year,Rating
0,1200.0
2011,810.3388919914493
2012,474.4426590368954
2013,30.230525082277598
2014,-369.7694749177224
