Year,Rating
0,1200.0
2012,750.0259334941626
2013,288.2747062934215
2014,-161.7252937065785
