Year,Rating
0,1200.0
2011,868.1392984113876
2012,673.7295510626784
2014,530.3084435557125
2018,429.33307953674324
2019,167.68564973557716
2021,33.44242842987343
2022,-283.2242382367932
