Year,Rating
0,1200.0
2018,655.7554669986922
2019,130.7554669986922
2020,-319.2445330013078
2021,-719.2445330013078
2022,-1063.3400450301733
