Year,Rating
0,1200.0
2018,1223.4826441461414
2019,1358.537450221028
2020,1443.5894912739027
2021,1716.2362804178622
2022,1844.6056475212442
