Year,Rating
0,1200.0
2019,766.8709942617174
2020,476.5744625769442
2021,26.5744625769442
2022,-373.4255374230558
