Year,Rating
0,1200.0
2012,887.4251911335791
2013,644.3921102034332
