Year,Rating
0,1200.0
2013,848.2913882435518
2014,610.4452136448641
2018,242.02085246530845
2019,-157.97914753469155
2020,-522.2648618204058
2021,-859.7648618204058
2022,-1176.4315284870725
