Year,Rating
0,1200.0
2018,886.3656804809405
2019,366.36820656387823
2020,-83.63179343612177
2021,-483.63179343612177
2022,-847.917507721836
