Year,Rating
0,25.0
2011,-1.4268200966183426
2012,-0.3382951119801117
