Year,Rating
0,25.0
2015,14.464973073659374
2016,12.94936876024882
2018,9.557319548004283
2019,8.895917032480924
2020,4.7202360325775174
2021,4.11935113864741
2022,1.5478402266037765
