Year,Rating
0,25.0
2017,-1.9591831045422992
2018,0.8467936974128165
2019,1.2712887643065962
2020,1.6662204561478897
2021,1.199550319964687
2022,1.7659210629188924
