Year,Rating
0,25.0
2017,47.0129281006907
2018,27.63892495510311
2019,21.37592546107447
2020,16.730670859192006
2021,12.54699167853606
2022,8.959785011390263
