Year,Rating
0,25.0
2011,-2.659590469556557
2012,-1.8517711677082984
2013,-2.3169536297302735
2014,0.14992784734994513
