Year,Rating
0,25.0
2012,4.4356395901743415
2013,0.7768986683084551
2014,2.991749251601552
