Year,Rating
0,25.0
2011,4.979053780126639
2012,9.539442402080937
2014,14.110720605391988
2015,14.40765402373428
2016,17.42348497418659
2017,15.801709817034695
2018,15.73341357138304
2019,16.219154442903555
2021,15.436785230455097
2022,14.821820361351909
