Year,Rating
0,25.0
2017,-0.9905666937510076
2018,0.2787571115157907
2019,-0.1977704205232014
2020,0.7617000827551069
2021,1.4695525387481767
2022,4.228640628082893
