Year,Rating
0,25.0
2017,-1.7328990777062925
2018,0.3674121423069798
2019,-1.1866439075669197
2020,-2.0906139919320554
2021,2.468492989942705
2022,2.5585426459690144
