Year,Rating
0,25.0
2019,14.536991141217383
2020,6.649246848219922
2021,12.165445377476896
2022,9.197601380263423
