Year,Rating
0,25.0
2012,6.704653324034615
2013,4.986175306299906
